Temporal Index,Gold Spot (Target),Real Yield,Nominal,Curve,Inflation,USD Index,EUR/USD,USD/JPY,VIX,Credit Spread,Fin Stress,GPR,Policy Unc,ETF Tonnes,WTI Oil,Copper,PPI Index,Unemployment,Ind Prod,Cap Util
2006-01-31,549.9,2.02,4.57,-0.02,2.55,99.61,1.21,117.85,12.36,3.35,-1.00,94.51,75.00,333.80,66.61,4974.98,161.80,4.80,98.24,80.61
2006-02-28,555,2.02,4.59,-0.12,2.57,99.84,1.19,116.18,11.54,3.33,-1.12,95.86,69.00,342.99,62.01,5123.67,162.20,4.70,98.46,80.66
2006-03-31,557.1,2.35,4.86,0.04,2.51,100.56,1.21,117.48,11.39,3.13,-1.04,92.80,55.00,347.82,66.25,6404.44,164.30,4.70,98.76,80.77
2006-04-30,610.7,2.42,5.14,0.20,2.72,97.91,1.26,113.06,12.54,2.96,-1.10,89.02,82.00,358.54,73.75,8059.19,165.80,4.60,98.79,80.65
2006-05-31,675.4,2.46,5.11,0.07,2.65,97.77,1.28,112.43,14.52,3.13,-0.79,85.21,68.00,347.31,70.11,7222.77,166.10,4.60,99.10,80.76
2006-06-30,596.2,2.54,5.15,-0.01,2.61,98.25,1.28,114.51,13.08,3.35,-0.86,102.57,83.00,371.91,73.94,7726.74,166.80,4.70,99.05,80.56
2006-07-31,633.7,2.40,4.99,0.02,2.59,98.17,1.28,114.96,15.05,3.44,-0.94,137.13,84.00,384.78,74.93,7690.25,167.90,4.70,99.48,80.75
2006-08-31,632.6,2.25,4.73,-0.04,2.48,97.51,1.28,117.21,11.96,3.49,-0.95,147.08,72.00,392.07,69.24,7622.64,165.40,4.50,99.32,80.45
2006-09-30,598.2,2.27,4.64,-0.07,2.37,98.11,1.27,117.99,11.98,3.44,-0.81,111.72,62.00,386.38,62.90,7497.41,162.20,4.40,99.20,80.18
2006-10-31,585.8,2.29,4.57,-0.09,2.28,97.49,1.28,117.01,11.51,3.30,-1.01,113.14,56.00,388.72,58.64,7029.30,164.60,4.50,99.16,79.97
2006-11-30,627.8,2.10,4.43,-0.09,2.33,96.46,1.33,115.33,11.66,3.21,-0.80,88.78,50.00,441.68,63.43,6680.97,165.60,4.40,100.17,80.60
2006-12-31,629.8,2.41,4.71,-0.11,2.30,97.03,1.32,119.02,11.56,2.89,-0.97,90.61,51.00,453.24,60.85,5689.34,164.00,4.60,99.83,80.15
2007-01-31,631.2,2.42,4.84,-0.12,2.42,97.71,1.30,120.67,10.31,2.66,-1.13,97.92,75.00,450.30,57.35,5718.15,166.80,4.50,100.78,80.72
2007-02-28,664.8,2.19,4.56,-0.07,2.37,97.34,1.32,117.53,15.82,2.83,-1.13,96.17,51.00,481.31,61.97,6465.30,169.30,4.40,100.95,80.69
2007-03-31,654.9,2.21,4.65,0.07,2.44,96.32,1.34,117.56,14.64,2.85,-0.95,87.34,73.00,483.93,65.94,7753.34,171.40,4.50,101.63,81.07
2007-04-30,679.4,2.19,4.64,0.01,2.45,95.00,1.36,119.77,13.51,2.74,-1.01,76.61,60.00,493.33,64.43,7677.95,173.30,4.40,101.73,81.00
2007-05-31,666.9,2.57,4.95,-0.02,2.38,94.13,1.34,122.10,12.78,2.41,-0.92,92.60,71.00,468.22,65.09,7514.24,173.80,4.60,101.79,80.92
2007-06-30,655.5,2.65,5.03,0.16,2.38,94.14,1.35,123.39,16.23,2.98,-0.56,97.97,69.00,464.37,70.47,7980.93,175.10,4.70,101.67,80.73
2007-07-31,665.3,2.44,4.76,0.20,2.32,93.40,1.37,118.71,23.67,4.28,-0.15,112.35,45.00,496.53,76.49,7500.20,172.40,4.60,101.86,80.81
2007-08-31,665.4,2.34,4.54,0.39,2.20,93.67,1.36,115.83,23.38,4.55,1.00,83.17,90.00,515.44,73.98,7671.35,173.50,4.70,102.09,80.94
2007-09-30,712.7,2.26,4.56,0.54,2.30,90.88,1.42,115.91,17.84,4.19,0.70,94.49,110.00,578.03,80.31,8020.59,174.70,4.70,101.80,80.68
2007-10-31,754.6,2.00,4.36,0.59,2.36,89.16,1.44,114.87,23.21,4.53,0.79,101.47,91.00,597.53,93.53,6957.43,179.00,4.70,102.34,81.11
2007-11-30,806.3,1.63,3.97,0.93,2.34,89.62,1.47,111.02,22.87,5.75,2.07,89.80,107.00,601.65,88.60,6630.74,178.60,5.00,102.38,81.14
2007-12-31,803.2,1.73,4.04,0.99,2.31,89.63,1.46,111.71,22.50,5.92,1.32,94.97,117.00,627.88,95.95,7078.91,181.00,5.00,102.24,81.05
2008-01-31,889.6,1.31,3.62,1.53,2.31,88.48,1.49,106.30,24.02,6.96,0.97,81.50,177.00,631.98,89.03,7941.14,182.70,4.90,101.84,80.76
2008-02-29,922.3,1.10,3.53,1.88,2.43,87.17,1.52,104.19,26.54,7.67,1.43,80.75,108.00,639.44,101.78,8434.32,187.90,5.10,101.53,80.54
2008-03-31,968.4,1.22,3.57,1.77,2.35,87.03,1.56,101.77,22.68,8.02,1.68,77.64,114.00,642.04,100.92,8714.18,190.90,5.00,100.88,80.04
2008-04-30,909.7,1.52,3.78,1.41,2.26,87.13,1.55,104.04,18.88,6.81,1.70,71.90,98.00,580.45,112.60,8356.13,196.60,5.40,100.27,79.56
2008-05-31,888.7,1.58,4.06,1.40,2.48,86.55,1.56,105.46,17.83,6.53,0.97,72.57,89.00,597.73,127.35,8292.00,200.50,5.60,100.03,79.36
2008-06-30,889.5,1.49,4.01,1.38,2.52,86.84,1.58,105.73,23.65,7.48,1.74,87.55,89.00,644.16,141.06,8407.02,205.50,5.80,99.68,79.03
2008-07-31,939.8,1.63,3.97,1.46,2.34,86.83,1.56,107.59,22.57,8.13,1.65,89.74,115.00,673.40,125.03,7633.80,199.00,6.10,98.11,77.73
2008-08-31,839,1.68,3.83,1.47,2.15,90.08,1.47,108.69,20.65,8.36,1.55,88.55,81.00,651.37,115.55,6975.11,196.90,6.10,93.79,74.22
2008-09-30,829.9,2.26,3.77,1.95,1.51,92.51,1.41,106.06,39.81,11.24,4.57,88.54,238.00,755.26,98.23,4894.89,186.40,6.50,94.72,74.87
2008-10-31,806.6,3.14,4.01,2.45,0.87,99.77,1.27,98.28,59.89,16.17,7.75,64.16,242.00,749.21,68.10,3729.19,176.80,6.80,93.47,73.78
2008-11-30,760.9,2.38,2.72,1.82,0.34,102.17,1.26,93.71,68.51,20.20,6.85,79.08,163.00,758.12,49.34,3105.10,170.90,7.30,90.84,71.61
2008-12-31,816.1,2.14,2.25,1.49,0.11,98.65,1.39,90.79,40.00,18.12,4.79,92.37,158.00,780.23,44.60,3260.36,171.20,7.80,88.57,69.73
2009-01-31,858.7,1.73,2.87,1.93,1.14,102.12,1.28,89.83,44.84,16.26,4.04,85.37,185.00,843.59,41.73,3328.41,169.30,8.30,88.03,69.23
2009-02-28,943.2,2.06,3.02,2.02,0.96,104.93,1.27,97.74,46.35,17.38,4.16,67.45,203.00,1029.29,44.15,3770.88,168.10,8.70,86.65,68.09
2009-03-31,924.3,1.37,2.68,1.85,1.31,102.13,1.32,98.93,42.28,17.12,3.21,72.64,168.00,1127.44,48.46,4436.93,169.10,9.00,85.93,67.48
2009-04-30,890.2,1.80,3.21,2.29,1.41,100.01,1.33,99.24,35.30,13.34,2.33,85.69,108.00,1104.45,52.18,4591.46,170.80,9.40,85.07,66.77
2009-05-31,928.6,1.80,3.71,2.74,1.91,94.81,1.42,96.53,30.04,11.36,1.36,89.68,126.00,1118.76,68.59,5015.43,174.10,9.50,84.75,66.51
2009-06-30,945.7,1.83,3.55,2.50,1.72,95.66,1.42,96.41,26.22,10.50,1.64,81.11,112.00,1120.55,69.32,5228.41,172.50,9.50,85.70,67.29
2009-07-31,934.2,1.71,3.52,2.39,1.81,94.25,1.43,94.54,25.92,9.22,0.51,83.44,104.00,1072.87,69.26,6176.88,175.00,9.60,86.64,68.08
2009-08-31,949.4,1.74,3.38,2.46,1.64,95.22,1.42,93.09,29.15,9.18,0.53,73.37,111.00,1061.83,68.11,6195.75,174.10,9.80,87.41,68.75
2009-09-30,996.6,1.50,3.21,2.34,1.71,93.60,1.45,89.73,28.27,8.11,0.17,92.84,99.00,1095.33,70.67,6305.99,175.20,10.00,87.64,69.04
2009-10-31,1043.2,1.41,3.41,2.51,2.00,92.62,1.48,90.50,30.69,7.60,0.42,90.58,86.00,1103.52,77.04,6682.44,177.40,9.90,88.02,69.45
2009-11-30,1127,1.14,3.28,2.61,2.14,90.83,1.51,86.62,21.92,7.58,0.15,82.10,100.00,1129.99,78.39,6976.98,178.10,9.90,88.38,69.85
2009-12-31,1134.7,1.48,3.85,2.71,2.37,92.91,1.43,93.08,21.68,6.39,-0.22,92.95,108.00,1133.62,79.39,7367.38,181.90,9.80,89.34,70.75
2010-01-31,1118,1.29,3.68,2.82,2.39,93.73,1.39,90.80,22.59,6.54,0.04,91.58,137.00,1111.92,74.41,6867.68,181.00,9.80,89.68,71.16
2010-02-28,1095.4,1.46,3.61,2.81,2.15,93.80,1.35,89.28,19.26,6.66,-0.24,80.73,117.00,1106.99,78.71,7466.93,183.30,9.90,90.29,71.80
2010-03-31,1113.3,1.61,3.89,2.84,2.28,92.67,1.36,93.83,17.47,5.82,-0.41,74.12,125.00,1129.82,84.53,7729.84,184.40,9.90,90.60,72.19
2010-04-30,1148.7,1.29,3.69,2.72,2.40,92.84,1.33,94.24,22.05,5.61,-0.20,88.76,124.00,1159.00,86.07,6843.16,184.80,9.60,91.82,73.31
2010-05-31,1205.4,1.32,3.29,2.51,1.97,96.61,1.23,91.16,35.54,7.04,1.01,88.96,148.00,1267.93,72.70,6501.50,183.50,9.40,91.99,73.59
2010-06-30,1232.9,1.21,2.96,2.33,1.75,95.80,1.25,87.42,32.86,7.17,0.57,96.45,130.00,1320.44,72.95,6750.57,184.10,9.40,92.34,74.00
2010-07-31,1193,1.14,2.94,2.39,1.80,93.28,1.31,86.43,23.50,6.59,0.16,79.38,197.00,1282.28,78.85,7302.67,184.90,9.50,92.68,74.39
2010-08-31,1215.8,1.02,2.58,2.08,1.56,94.11,1.28,84.48,23.89,6.80,0.45,80.99,127.00,1302.51,73.97,7729.59,184.90,9.50,92.95,74.71
2010-09-30,1271,0.75,2.54,2.12,1.79,90.84,1.38,83.30,22.50,6.22,0.10,71.17,187.00,1304.78,81.57,8289.76,186.60,9.40,92.69,74.58
2010-10-31,1342,0.49,2.66,2.32,2.17,90.03,1.39,80.66,21.83,5.96,-0.24,65.99,155.00,1293.10,82.94,8458.42,187.70,9.80,92.77,74.71
2010-11-30,1369.9,0.83,2.97,2.44,2.14,91.68,1.31,84.00,21.36,6.02,0.02,94.71,175.00,1286.60,86.75,9152.86,189.70,9.30,93.68,75.50
2010-12-31,1390.6,1.00,3.30,2.69,2.30,90.51,1.33,81.67,17.75,5.41,-0.25,97.20,152.00,1280.72,91.38,9533.20,192.70,9.10,93.48,75.37
2011-01-31,1356.4,1.11,3.48,2.87,2.37,89.14,1.38,81.48,17.63,4.99,-0.28,79.42,111.00,1227.15,89.54,9880.94,195.80,9.00,93.11,75.09
2011-02-28,1372.7,1.00,3.41,2.75,2.41,88.83,1.38,81.86,21.01,4.76,-0.10,90.01,105.00,1210.96,99.63,9503.36,199.20,9.00,94.08,75.87
2011-03-31,1424,0.94,3.46,2.66,2.52,87.80,1.42,84.05,17.40,4.72,-0.36,136.89,154.00,1211.23,107.55,9482.75,203.10,9.10,93.77,75.61
2011-04-30,1473.8,0.75,3.32,2.71,2.57,85.60,1.48,81.31,14.75,4.76,-0.53,91.02,125.00,1229.64,113.39,8931.67,204.10,9.00,93.89,75.67
2011-05-31,1510.4,0.74,2.96,2.52,2.22,86.60,1.44,80.82,18.30,5.15,-0.29,105.34,85.00,1210.74,100.30,9066.85,203.90,9.10,94.17,75.84
2011-06-30,1528.7,0.77,3.22,2.72,2.45,86.36,1.45,80.81,15.87,5.34,-0.40,84.39,139.00,1208.23,94.81,9650.46,204.60,9.00,94.64,76.14
2011-07-31,1572.8,0.33,2.77,2.39,2.44,86.04,1.42,76.87,23.66,5.63,-0.28,78.92,207.00,1263.58,94.98,8997.99,203.20,9.00,95.27,76.57
2011-08-31,1755.8,0.07,2.15,1.96,2.08,86.85,1.43,76.81,31.82,7.26,0.86,86.95,284.00,1232.31,88.93,8300.14,203.70,9.00,95.20,76.40
2011-09-30,1771.9,0.17,1.92,1.67,1.75,92.00,1.34,77.04,42.96,8.41,1.13,83.35,214.00,1231.93,78.93,7394.19,201.10,8.80,95.86,76.81
2011-10-31,1665.2,-0.04,2.01,1.78,2.05,90.73,1.37,78.28,34.77,7.42,0.30,76.34,138.00,1243.55,92.19,7581.02,201.40,8.60,95.85,76.68
2011-11-30,1739,0.06,2.11,1.84,2.05,91.23,1.35,77.60,27.41,7.69,1.23,83.16,144.00,1298.53,100.20,7558.88,199.80,8.50,96.36,76.95
2011-12-31,1652.3,-0.07,1.89,1.64,1.96,92.43,1.30,76.98,23.40,7.23,0.64,85.34,183.00,1254.57,98.83,8061.92,200.70,8.30,96.93,77.27
2012-01-31,1656.1,-0.28,1.87,1.64,2.15,90.10,1.32,76.11,18.55,6.54,0.31,79.63,154.00,1271.09,97.63,8441.49,201.60,8.30,97.24,77.37
2012-02-29,1742.6,-0.23,2.03,1.73,2.26,89.78,1.33,81.16,17.26,5.94,0.05,92.45,119.00,1293.68,108.76,8470.78,204.20,8.20,96.74,76.82
2012-03-31,1673.8,-0.09,2.23,1.90,2.32,90.46,1.33,82.41,15.50,5.99,0.01,88.76,99.00,1286.62,103.03,8285.53,203.70,8.20,97.44,77.22
2012-04-30,1650.1,-0.28,1.98,1.71,2.26,90.32,1.32,80.17,16.60,5.96,-0.02,96.02,97.00,1278.31,106.17,7896.91,201.90,8.20,97.66,77.25
2012-05-31,1585.5,-0.59,1.47,1.22,2.06,94.70,1.24,78.21,26.66,7.16,0.44,78.17,136.00,1270.26,83.17,7428.29,199.80,8.20,97.67,77.11
2012-06-30,1596.7,-0.46,1.67,1.34,2.13,92.91,1.27,79.81,17.08,6.44,0.11,77.82,197.00,1279.51,85.04,7584.26,200.10,8.20,97.87,77.14
2012-07-31,1593.9,-0.67,1.56,1.32,2.23,92.89,1.23,78.19,18.96,6.10,0.10,82.81,181.00,1251.92,88.99,7510.43,202.70,8.10,97.45,76.67
2012-08-31,1626,-0.68,1.57,1.35,2.25,92.17,1.26,78.30,17.47,5.98,-0.08,74.88,143.00,1289.52,96.47,8087.74,204.40,7.80,97.38,76.48
2012-09-30,1744.5,-0.78,1.64,1.39,2.42,90.70,1.29,78.00,16.32,5.71,-0.23,69.28,182.00,1320.78,92.44,8062.03,203.50,7.80,97.72,76.62
2012-10-31,1747,-0.77,1.75,1.45,2.52,91.12,1.29,80.14,16.69,5.57,-0.36,81.66,166.00,1336.30,87.05,7711.23,201.80,7.70,98.08,76.78
2012-11-30,1721.1,-0.79,1.62,1.37,2.41,91.10,1.30,82.54,15.87,5.65,-0.49,81.39,206.00,1348.83,88.54,7966.49,201.50,7.90,98.31,76.84
2012-12-31,1688.5,-0.67,1.78,1.53,2.45,91.08,1.32,86.64,18.02,5.34,-0.38,74.83,215.00,1350.82,91.83,8053.74,202.50,8.00,98.33,76.75
2013-01-31,1671,-0.55,2.04,1.77,2.59,90.69,1.37,92.54,12.90,4.94,-0.58,90.66,199.00,1328.09,97.46,8060.93,204.30,7.70,98.79,77.00
2013-02-28,1627.6,-0.67,1.86,1.61,2.53,92.62,1.30,93.38,15.36,5.00,-0.52,81.59,129.00,1254.49,90.71,7652.38,204.00,7.50,99.19,77.21
2013-03-31,1592.9,-0.65,1.86,1.63,2.51,92.17,1.29,93.30,13.58,4.87,-0.64,75.90,146.00,1221.26,97.10,7221.16,203.50,7.60,99.11,77.06
2013-04-30,1485.1,-0.64,1.66,1.46,2.30,91.43,1.32,97.28,14.49,4.50,-0.69,95.11,135.00,1078.54,90.74,7248.71,204.10,7.50,99.18,77.03
2013-05-31,1413.5,-0.05,2.16,1.86,2.21,93.61,1.30,100.83,16.30,4.62,-0.37,83.72,109.00,1013.15,91.93,7000.24,204.30,7.50,99.39,77.11
2013-06-30,1342.4,0.48,2.50,2.16,2.02,94.10,1.31,99.62,16.37,5.17,0.07,82.97,127.00,969.50,97.94,6906.64,204.40,7.30,99.08,76.80
2013-07-31,1286.7,0.48,2.74,2.39,2.26,93.80,1.32,99.30,12.94,4.63,-0.50,73.98,91.00,927.35,107.93,7186.25,204.20,7.20,99.65,77.18
2013-08-31,1347.1,0.68,2.78,2.39,2.10,94.75,1.32,98.22,17.01,4.76,-0.18,90.96,109.00,921.03,107.98,7159.27,203.90,7.20,100.16,77.50
2013-09-30,1348.8,0.46,2.66,2.33,2.20,92.95,1.35,98.05,15.54,4.78,-0.36,100.46,180.00,905.99,102.09,7203.02,202.50,7.20,100.08,77.38
2013-10-31,1316.2,0.50,2.65,2.32,2.15,93.16,1.35,98.78,13.28,4.31,-0.54,72.95,225.00,872.02,94.56,7070.65,201.20,6.90,100.32,77.50
2013-11-30,1275.8,0.60,2.75,2.47,2.15,93.63,1.36,102.45,13.70,4.27,-0.59,77.78,90.00,843.21,92.55,7214.90,202.00,6.70,100.52,77.59
2013-12-31,1225.4,0.80,3.04,2.66,2.24,93.56,1.38,105.25,13.72,4.00,-0.69,70.37,115.00,798.22,98.17,7291.47,203.80,6.60,100.16,77.25
2014-01-31,1244.8,0.53,2.67,2.33,2.14,95.18,1.35,102.28,18.41,4.21,-0.35,77.92,108.00,793.16,97.55,7149.21,205.70,6.70,100.92,77.77
2014-02-28,1301,0.49,2.66,2.33,2.17,94.39,1.38,102.08,14.00,3.81,-0.67,69.00,93.00,803.70,102.88,6650.04,207.00,6.70,101.89,78.46
2014-03-31,1336.1,0.63,2.77,2.33,2.14,94.12,1.38,103.52,13.10,3.73,-0.65,119.84,101.00,813.08,99.69,6673.56,208.30,6.20,101.99,78.47
2014-04-30,1299,0.43,2.63,2.22,2.20,93.87,1.39,102.30,13.25,3.75,-0.73,93.22,97.00,787.94,99.69,6891.13,208.00,6.30,102.38,78.70
2014-05-31,1287.5,0.26,2.48,2.11,2.22,93.76,1.36,101.77,11.40,3.67,-0.78,83.43,102.00,785.28,103.40,6821.14,208.30,6.10,102.73,78.90
2014-06-30,1279.1,0.32,2.58,2.11,2.26,93.14,1.37,101.51,11.15,3.50,-0.81,98.77,86.00,790.70,106.06,7113.38,208.00,6.20,102.96,78.99
2014-07-31,1311,0.25,2.52,2.05,2.27,94.48,1.34,102.45,17.03,4.25,-0.57,138.75,79.00,801.84,97.86,7001.84,207.00,6.10,102.77,78.77
2014-08-31,1296,0.23,2.35,1.87,2.12,94.73,1.31,104.00,11.98,3.84,-0.68,136.45,64.00,795.00,97.86,6872.22,206.40,5.90,103.06,78.92
2014-09-30,1238.8,0.46,2.42,1.89,1.96,97.54,1.26,109.30,16.71,4.45,-0.37,131.56,86.00,769.86,90.74,6737.48,203.40,5.70,103.08,78.87
2014-10-31,1222.5,0.43,2.35,1.85,1.92,98.12,1.25,112.09,14.03,4.30,-0.48,83.66,113.00,741.20,80.53,6712.85,200.90,5.80,103.71,79.30
2014-11-30,1176.3,0.43,2.22,1.73,1.79,99.90,1.25,118.14,14.29,4.82,-0.42,84.38,93.00,717.63,68.98,6446.45,197.00,5.60,103.70,79.24
2014-12-31,1202.3,0.49,2.17,1.50,1.68,102.28,1.21,119.85,19.20,5.04,-0.49,86.53,87.00,709.02,53.45,5830.54,192.00,5.70,102.89,78.58
2015-01-31,1251.9,0.03,1.68,1.21,1.65,105.59,1.13,117.44,20.97,5.26,-0.00,111.99,121.00,758.37,47.79,5729.27,191.10,5.50,102.23,78.06
2015-02-28,1227.2,0.17,2.00,1.37,1.83,105.60,1.12,119.72,13.34,4.46,-0.23,111.92,88.00,771.25,49.84,5939.67,191.50,5.40,101.89,77.78
2015-03-31,1178.6,0.07,1.87,1.32,1.80,107.06,1.08,119.62,15.11,4.86,-0.21,104.24,96.00,737.24,50.12,6042.09,190.90,5.40,101.34,77.35
2015-04-30,1197.9,0.18,2.12,1.52,1.94,105.64,1.12,120.21,12.70,4.53,-0.38,102.19,104.00,739.36,59.10,6294.78,193.40,5.60,100.89,77.01
2015-05-31,1199.1,0.39,2.19,1.55,1.80,107.22,1.09,124.64,13.97,4.52,-0.20,76.26,102.00,715.86,60.24,5833.01,194.80,5.30,100.57,76.78
2015-06-30,1181.5,0.54,2.43,1.74,1.89,107.01,1.11,123.02,16.09,4.88,-0.32,85.91,116.00,711.44,56.94,5456.75,193.90,5.20,101.22,77.29
2015-07-31,1130,0.46,2.20,1.53,1.74,108.78,1.10,123.94,12.12,5.36,-0.10,106.81,99.00,672.70,47.11,5127.30,191.90,5.10,101.04,77.17
2015-08-31,1117.5,0.60,2.17,1.47,1.57,110.45,1.13,119.94,31.40,5.78,0.67,82.48,157.00,682.59,45.38,5217.25,189.10,5.00,100.75,76.98
2015-09-30,1124.5,0.59,2.05,1.41,1.46,111.04,1.12,119.58,22.55,6.67,0.42,98.77,172.00,687.42,44.75,5216.09,187.50,5.00,100.27,76.63
2015-10-31,1159.3,0.63,2.16,1.41,1.53,110.21,1.10,120.70,15.07,5.90,-0.01,91.93,111.00,692.26,46.60,4799.90,185.70,5.10,99.53,76.08
2015-11-30,1085.7,0.58,2.15,1.24,1.57,112.11,1.06,122.88,14.67,6.40,0.04,150.72,90.00,654.80,40.58,4638.83,183.50,5.00,99.04,75.72
2015-12-31,1068.3,0.73,2.27,1.21,1.54,113.34,1.09,120.27,18.21,6.95,0.31,148.24,102.00,642.37,37.13,4471.79,182.60,4.80,99.56,76.12
2016-01-31,1097.4,0.57,1.97,1.16,1.40,115.33,1.09,121.06,19.98,7.79,0.53,118.21,155.00,669.23,31.62,4598.62,181.30,4.90,99.04,75.73
2016-02-29,1199.9,0.35,1.83,0.98,1.48,113.93,1.08,113.94,17.70,7.46,0.54,103.75,148.00,777.27,34.39,4953.80,182.10,5.00,98.31,75.16
2016-03-31,1246.3,0.17,1.79,1.03,1.62,110.30,1.14,112.06,13.10,7.05,0.37,109.72,130.00,819.28,35.36,4872.74,183.20,5.10,98.64,75.40
2016-04-30,1242.3,0.12,1.83,1.06,1.71,108.83,1.14,106.90,15.70,6.21,0.06,85.22,96.00,804.14,45.98,4694.54,185.30,4.80,98.42,75.20
2016-05-31,1259.4,0.31,1.85,0.94,1.54,112.46,1.12,109.55,14.20,6.01,-0.01,88.33,96.00,868.66,49.07,4641.97,187.60,4.90,98.88,75.53
2016-06-30,1276.4,0.03,1.46,0.87,1.43,111.65,1.11,102.55,14.77,6.12,0.57,90.17,234.00,950.05,49.02,4864.90,187.70,4.80,99.00,75.58
2016-07-31,1337.3,0.05,1.51,0.84,1.46,111.98,1.12,102.26,12.44,5.69,0.23,114.61,164.00,958.09,40.05,4751.67,186.60,4.90,98.85,75.43
2016-08-31,1341.1,0.12,1.57,0.79,1.45,112.17,1.12,103.22,13.48,5.12,0.26,98.74,107.00,943.23,43.17,4722.20,186.90,5.00,98.75,75.31
2016-09-30,1326,0.00,1.60,0.83,1.60,112.28,1.12,101.21,13.29,4.97,0.30,104.55,86.00,947.95,47.72,4731.26,186.70,4.90,98.76,75.29
2016-10-31,1266.6,0.11,1.83,1.00,1.72,113.99,1.10,104.59,18.56,5.05,0.10,85.75,108.00,942.59,46.66,5450.93,186.30,4.70,98.35,74.95
2016-11-30,1236,0.48,2.45,1.31,1.97,117.66,1.06,114.34,14.07,4.62,-0.12,82.92,254.00,883.86,51.08,5660.35,188.20,4.70,99.02,75.44
2016-12-31,1151.4,0.50,2.45,1.25,1.95,118.35,1.06,116.78,14.04,4.22,-0.06,102.18,161.00,822.17,53.75,5754.56,190.70,4.70,98.76,75.23
2017-01-31,1192.6,0.43,2.48,1.26,2.05,116.39,1.08,113.29,11.81,3.95,-0.21,105.20,195.00,799.07,53.90,5940.91,191.60,4.60,98.36,74.93
2017-02-28,1234.4,0.43,2.46,1.17,2.03,116.44,1.06,113.66,12.54,3.57,-0.23,114.21,178.00,841.17,53.82,5824.63,191.50,4.40,99.01,75.44
2017-03-31,1231.1,0.43,2.40,1.13,1.97,114.79,1.07,111.41,12.37,3.92,-0.42,96.64,155.00,832.32,50.54,5683.90,193.00,4.40,100.02,76.24
2017-04-30,1265.6,0.41,2.33,1.05,1.92,114.59,1.09,111.78,10.11,3.78,-0.59,119.46,158.00,853.36,48.83,5599.56,192.80,4.40,100.14,76.37
2017-05-31,1245,0.40,2.21,0.93,1.81,113.30,1.12,111.24,9.89,3.69,-0.66,102.58,130.00,847.45,48.32,5719.76,193.60,4.30,100.35,76.58
2017-06-30,1260.3,0.58,2.31,0.93,1.73,111.99,1.14,112.40,11.18,3.77,-0.57,126.79,121.00,852.50,46.02,5985.12,193.50,4.30,100.11,76.45
2017-07-31,1236.2,0.47,2.26,0.92,1.79,109.85,1.18,110.33,10.09,3.60,-0.73,102.81,141.00,791.88,49.19,6485.63,193.80,4.40,99.69,76.21
2017-08-31,1282.3,0.37,2.16,0.81,1.79,109.05,1.19,110.09,10.13,3.82,-0.52,138.53,138.00,816.43,47.32,6577.17,194.80,4.30,99.80,76.36
2017-09-30,1315,0.49,2.33,0.86,1.84,110.09,1.18,112.64,9.51,3.56,-0.67,115.53,117.00,864.65,51.67,6807.60,194.90,4.20,101.02,77.38
2017-10-31,1279.5,0.49,2.37,0.76,1.88,111.79,1.16,114.04,10.20,3.48,-0.75,91.46,126.00,850.77,54.32,6826.55,195.90,4.20,101.27,77.63
2017-11-30,1282.3,0.51,2.37,0.59,1.86,110.14,1.19,111.88,11.43,3.63,-0.79,92.60,111.00,839.55,58.35,6833.89,196.30,4.10,101.46,77.85
2017-12-31,1261.3,0.44,2.40,0.51,1.96,110.08,1.20,112.69,11.04,3.63,-0.52,82.72,140.00,837.50,60.46,7065.85,197.90,4.00,101.46,77.91
2018-01-31,1331.7,0.67,2.78,0.62,2.11,106.49,1.25,109.50,13.47,3.29,-0.67,92.43,161.00,841.35,65.92,7006.52,199.30,4.10,101.71,78.15
2018-02-28,1331.5,0.71,2.81,0.59,2.10,108.54,1.22,106.91,22.47,3.59,-0.35,64.49,115.00,831.03,60.98,6799.18,199.30,4.00,102.21,78.57
2018-03-31,1324.7,0.69,2.74,0.47,2.05,107.48,1.23,106.20,19.97,3.72,0.33,111.96,187.00,846.12,64.87,6851.51,200.30,4.00,103.33,79.46
2018-04-30,1334.7,0.81,2.97,0.47,2.16,109.74,1.20,109.69,15.49,3.47,-0.04,123.26,139.00,871.20,67.28,6825.27,203.20,3.80,102.40,78.75
2018-05-31,1303,0.80,2.89,0.42,2.09,111.83,1.17,109.49,13.46,3.55,0.05,125.67,162.00,847.03,65.81,6965.86,204.20,4.00,103.20,79.36
2018-06-30,1281.6,0.74,2.85,0.33,2.11,113.26,1.17,110.71,16.09,3.71,-0.07,103.97,134.00,819.04,74.13,6250.75,204.30,3.80,103.36,79.46
2018-07-31,1238.5,0.87,3.00,0.33,2.13,112.89,1.17,111.72,13.15,3.43,-0.55,110.03,176.00,800.20,68.80,6051.05,203.40,3.80,104.03,79.93
2018-08-31,1201.3,0.78,2.86,0.24,2.08,114.28,1.16,110.98,12.86,3.49,-0.68,112.74,115.00,755.16,69.84,6050.76,203.60,3.70,104.10,79.93
2018-09-30,1198.5,0.95,3.09,0.27,2.14,113.82,1.16,113.96,12.00,3.22,-0.76,75.05,121.00,742.23,75.37,6219.59,204.60,3.80,103.99,79.78
2018-10-31,1215.4,1.12,3.14,0.30,2.02,115.86,1.14,112.79,19.34,3.81,-0.22,92.02,136.00,754.06,63.67,6195.92,202.30,3.80,104.07,79.77
2018-11-30,1221,1.04,3.01,0.21,1.97,116.41,1.13,113.54,18.07,4.29,-0.15,80.41,165.00,761.74,50.78,6075.32,201.00,3.90,104.09,79.71
2018-12-31,1247.9,0.98,2.69,0.21,1.71,115.57,1.15,109.70,25.42,5.33,0.66,90.61,227.00,787.67,45.15,5939.10,199.10,4.00,103.40,79.10
2019-01-31,1291.8,0.82,2.70,0.18,1.88,113.75,1.15,109.55,16.14,4.29,-0.15,87.42,284.00,823.87,55.29,6300.49,199.20,3.80,102.84,78.59
2019-02-28,1320.1,0.80,2.76,0.21,1.96,114.53,1.14,111.89,13.57,3.86,-0.59,96.80,124.00,784.22,55.76,6439.46,200.80,3.80,102.88,78.53
2019-03-31,1300.9,0.59,2.49,0.16,1.90,114.94,1.12,111.29,13.40,3.94,-0.33,82.33,181.00,784.26,61.59,6438.36,202.10,3.70,102.27,77.99
2019-04-30,1286.5,0.59,2.52,0.21,1.93,115.00,1.12,111.18,14.80,3.71,-0.64,79.25,110.00,746.69,63.55,6017.90,201.70,3.60,102.39,78.00
2019-05-31,1284,0.40,2.14,0.19,1.74,116.73,1.11,108.66,18.71,4.59,-0.19,106.47,161.00,743.21,53.49,5882.23,200.30,3.60,102.44,77.95
2019-06-30,1359,0.34,2.03,0.25,1.69,114.72,1.13,108.42,14.06,3.99,-0.34,106.59,208.00,794.04,58.91,5941.20,200.70,3.70,101.94,77.49
2019-07-31,1413,0.20,1.90,0.17,1.70,116.05,1.11,108.28,17.87,4.10,-0.50,93.52,208.00,823.42,53.64,5709.44,199.20,3.60,102.64,77.95
2019-08-31,1498.8,-0.05,1.50,0.00,1.55,118.16,1.10,106.30,18.98,4.13,-0.06,103.40,283.00,878.31,55.07,5759.25,198.40,3.50,102.29,77.62
2019-09-30,1511.3,0.13,1.65,0.09,1.52,117.96,1.09,107.70,18.56,4.08,0.09,90.37,187.00,920.83,53.60,5757.30,198.60,3.60,101.43,76.91
2019-10-31,1494.8,0.14,1.73,0.17,1.59,115.73,1.12,108.16,12.30,4.09,-0.08,97.84,160.00,915.55,56.04,5859.95,199.00,3.60,101.94,77.25
2019-11-30,1470,0.17,1.78,0.17,1.61,117.12,1.10,109.47,12.62,4.02,-0.20,73.08,170.00,895.60,58.12,6077.06,199.00,3.60,101.70,77.04
2019-12-31,1476,0.15,1.92,0.34,1.77,114.67,1.12,108.67,13.78,3.60,-0.19,74.28,191.00,893.25,61.14,6031.21,199.30,3.60,101.03,76.52
2020-01-31,1560.7,-0.14,1.51,0.18,1.65,115.73,1.11,108.50,18.84,4.03,-0.13,138.42,165.00,903.21,51.58,5687.75,196.70,3.50,101.37,76.78
2020-02-29,1597.1,-0.28,1.13,0.27,1.41,117.66,1.10,108.12,40.11,5.06,0.66,75.96,216.00,934.23,44.83,5182.63,193.10,4.40,97.41,73.79
2020-03-31,1591.9,-0.29,0.62,0.39,0.91,123.80,1.09,107.05,57.06,9.11,5.35,81.54,426.00,967.00,20.28,5057.97,185.50,14.80,84.56,64.08
2020-04-30,1682.9,-0.42,0.64,0.44,1.06,123.16,1.10,106.76,37.19,7.70,1.23,69.34,401.00,1056.50,19.72,5239.83,188.60,13.20,85.96,65.19
2020-05-31,1716.4,-0.52,0.66,0.52,1.18,120.28,1.11,107.56,28.23,6.43,0.20,68.51,504.00,1123.14,35.49,5754.60,191.20,11.00,91.59,69.52
2020-06-30,1732.2,-0.68,0.69,0.52,1.37,120.09,1.13,107.50,28.62,6.33,0.50,71.23,300.00,1178.90,39.88,6372.46,193.00,10.20,95.03,72.21
2020-07-31,1843.3,-1.00,0.55,0.44,1.55,117.22,1.18,105.78,24.46,5.16,-0.08,66.47,428.00,1241.95,40.10,6508.39,194.30,8.40,95.95,73.02
2020-08-31,1968.6,-1.08,0.68,0.55,1.76,115.58,1.19,106.00,26.12,4.97,-0.27,65.47,263.00,1251.50,42.76,6704.90,195.50,7.80,95.97,73.15
2020-09-30,1922.2,-0.95,0.68,0.54,1.63,116.73,1.18,105.53,26.70,5.36,0.25,80.38,253.00,1268.89,38.51,6713.81,196.50,6.90,96.74,73.86
2020-10-31,1900.3,-0.82,0.88,0.74,1.70,116.14,1.16,104.54,38.02,5.32,0.39,76.08,306.00,1257.67,35.64,7068.91,198.30,6.70,97.08,74.26
2020-11-30,1863.5,-0.89,0.92,0.75,1.81,112.81,1.20,104.40,20.77,4.21,-0.40,70.07,328.00,1194.78,44.54,7772.24,200.50,6.70,98.36,75.39
2020-12-31,1856,-1.06,0.93,0.80,1.99,111.32,1.22,103.19,22.75,3.86,-0.47,64.07,327.00,1170.74,48.35,7972.15,204.80,6.40,98.88,75.94
2021-01-31,1867,-1.02,1.09,0.98,2.11,112.43,1.21,104.97,30.24,3.83,-0.27,77.42,261.00,1160.13,53.55,8470.94,210.60,6.20,95.61,73.57
2021-02-28,1808.2,-0.71,1.45,1.32,2.16,112.54,1.21,106.68,23.35,3.54,-0.44,73.96,188.00,1093.53,60.54,8988.25,215.00,6.10,98.39,75.85
2021-03-31,1718.2,-0.66,1.69,1.52,2.35,113.75,1.18,110.61,17.33,3.33,-0.62,78.62,167.00,1037.50,61.41,9324.82,217.90,6.10,98.56,76.12
2021-04-30,1761.7,-0.76,1.65,1.49,2.41,112.10,1.20,109.33,18.61,3.28,-0.80,88.17,141.00,1017.04,63.50,10166.28,224.90,5.80,99.43,76.93
2021-05-31,1853.2,-0.84,1.62,1.46,2.46,110.52,1.22,109.43,17.90,3.33,-0.81,93.01,172.00,1043.21,67.80,9631.50,228.90,5.90,99.80,77.34
2021-06-30,1834.6,-0.87,1.48,1.23,2.35,112.75,1.19,111.56,15.48,3.02,-0.80,74.13,149.00,1045.78,75.33,9450.82,231.85,5.40,100.25,77.80
2021-07-31,1807.1,-1.16,1.24,1.05,2.40,112.68,1.19,109.70,18.24,3.32,-0.76,58.42,182.00,1031.46,73.93,9370.14,233.41,5.10,100.04,77.73
2021-08-31,1784,-1.03,1.31,1.11,2.34,112.88,1.19,110.03,16.11,3.19,-0.77,89.49,157.00,1000.26,68.63,9324.71,235.68,4.70,98.86,76.89
2021-09-30,1777.3,-0.90,1.48,1.21,2.38,114.39,1.16,110.97,21.15,3.20,-0.63,80.70,171.00,990.03,76.01,9829.22,240.47,4.50,100.19,77.98
2021-10-31,1776.9,-0.92,1.58,1.08,2.50,114.22,1.16,114.19,16.41,3.16,-0.81,79.03,137.00,982.14,84.08,9728.90,243.29,4.10,100.87,78.56
2021-11-30,1820.2,-1.01,1.43,0.87,2.44,115.90,1.13,112.82,31.12,3.58,-0.49,86.57,176.00,992.85,65.44,9551.18,241.34,3.90,100.57,78.37
2021-12-31,1786.7,-1.04,1.52,0.79,2.56,115.30,1.13,115.17,17.22,3.10,-0.77,105.35,201.00,975.66,75.33,9782.34,246.45,4.00,100.19,78.09
2022-01-31,1816.8,-0.62,1.81,0.63,2.43,115.38,1.12,114.77,21.96,3.51,-0.20,138.67,155.00,1017.75,88.22,9943.17,252.66,3.90,100.81,78.58
2022-02-28,1856.3,-0.90,1.72,0.41,2.62,115.81,1.11,114.87,33.32,3.89,-0.01,216.16,140.00,1029.02,103.66,10230.89,260.01,3.70,101.39,79.03
2022-03-31,1947.8,-0.41,2.39,-0.05,2.80,115.48,1.10,122.60,19.63,3.40,-0.48,318.95,229.00,1091.44,99.32,10174.35,265.31,3.70,101.44,79.04
2022-04-30,1933.9,0.01,2.89,0.19,2.88,119.49,1.05,129.84,33.40,3.97,0.18,191.14,169.00,1094.55,104.59,9395.03,273.25,3.60,101.33,78.92
2022-05-31,1848.3,0.29,2.94,0.28,2.65,118.69,1.06,130.09,25.69,4.13,0.27,142.26,190.00,1068.36,115.26,9067.55,280.25,3.60,101.02,78.63
2022-06-30,1833.8,0.54,2.88,0.04,2.34,121.51,1.04,135.09,26.70,5.92,0.60,130.71,153.00,1050.31,110.30,7544.81,272.27,3.50,101.22,78.72
2022-07-31,1736.4,0.09,2.60,-0.30,2.51,121.42,1.03,131.80,22.84,4.80,-0.20,117.18,223.00,1005.87,96.59,7990.81,269.55,3.60,101.10,78.54
2022-08-31,1765.7,0.81,3.26,-0.25,2.45,124.40,0.99,139.93,25.56,5.08,-0.21,132.86,183.00,973.37,87.09,7746.01,267.90,3.50,101.29,78.61
2022-09-30,1683,1.68,3.83,-0.39,2.15,127.52,0.98,144.71,31.62,5.43,0.52,131.99,202.00,939.70,79.91,7651.08,265.06,3.60,101.25,78.48
2022-10-31,1664.5,1.56,4.07,-0.47,2.51,127.40,0.99,148.11,25.81,4.61,-0.30,143.16,207.00,920.57,88.36,8049.86,263.16,3.60,100.96,78.15
2022-11-30,1726.5,1.17,3.53,-0.72,2.36,122.01,1.05,135.55,19.84,4.48,-0.23,116.72,210.00,908.09,81.06,8371.09,257.90,3.50,99.77,77.13
2022-12-31,1796.7,1.58,3.88,-0.53,2.30,121.44,1.07,131.81,21.67,4.81,-0.04,111.20,150.00,917.64,80.16,9007.35,260.23,3.50,100.50,77.60
2023-01-31,1898.6,1.14,3.39,-0.70,2.25,118.64,1.09,129.27,17.87,4.31,-0.51,104.27,161.00,917.05,76.34,8936.59,258.67,3.60,100.64,77.61
2023-02-28,1854.5,1.57,4.01,-0.88,2.44,120.70,1.07,135.82,20.58,4.17,-0.23,120.99,153.00,915.30,77.57,8856.31,257.06,3.50,101.02,77.80
2023-03-31,1912.7,1.16,3.48,-0.58,2.32,119.46,1.09,132.75,18.70,4.58,-0.28,105.38,200.00,928.02,75.68,8809.16,256.91,3.40,101.25,77.89
2023-04-30,2000.4,1.36,3.59,-0.55,2.23,119.58,1.10,137.35,16.08,4.45,-0.30,106.81,165.00,926.28,75.65,8243.16,253.67,3.60,100.93,77.55
2023-05-31,1990.2,1.45,3.61,-0.72,2.16,120.26,1.08,138.74,15.65,4.65,-0.32,108.47,205.00,939.56,70.09,8396.52,253.86,3.60,100.12,76.85
2023-06-30,1942.9,1.59,3.81,-1.06,2.22,119.71,1.09,144.47,13.59,4.05,-0.70,110.53,179.00,921.90,70.66,8476.68,253.84,3.50,100.91,77.38
2023-07-31,1948.9,1.68,4.05,-0.87,2.37,118.92,1.10,143.34,13.93,3.82,-0.76,107.45,133.00,912.93,81.37,8347.83,257.68,3.70,100.84,77.26
2023-08-31,1920,1.92,4.18,-0.69,2.26,121.10,1.08,146.20,13.09,3.81,-0.69,101.14,77.00,890.10,85.52,8276.71,258.93,3.70,101.02,77.34
2023-09-30,1917,2.24,4.59,-0.44,2.35,122.63,1.06,149.43,17.52,4.03,-0.50,98.63,118.00,873.64,90.77,7941.36,255.19,3.90,100.47,76.86
2023-10-31,1913,2.36,4.77,-0.18,2.41,124.08,1.05,150.96,16.87,4.47,-0.35,197.89,134.00,859.49,81.05,8189.59,252.86,3.70,100.86,77.11
2023-11-30,1985.3,2.00,4.22,-0.34,2.22,120.25,1.09,147.00,12.63,3.87,-0.54,156.70,141.00,876.51,73.70,8407.90,249.87,3.80,100.60,76.86
2023-12-31,2029.3,1.72,3.88,-0.35,2.16,118.77,1.11,140.92,12.45,3.39,-0.42,142.28,107.00,879.11,71.89,8351.34,251.31,3.70,99.22,75.75
2024-01-31,2034,1.68,3.87,-0.33,2.19,120.68,1.09,146.18,13.88,3.56,-0.83,160.37,131.00,851.15,74.36,8304.95,254.93,3.90,100.28,76.52
2024-02-29,2023.2,1.87,4.19,-0.35,2.32,121.37,1.08,150.20,13.11,3.32,-0.79,146.60,107.00,822.91,80.90,8692.82,255.09,3.90,100.46,76.60
2024-03-31,2158,1.98,4.33,-0.39,2.35,121.89,1.07,151.72,13.65,3.12,-0.93,133.21,117.00,830.15,84.54,9445.59,256.98,3.90,100.24,76.38
2024-04-30,2335.5,2.25,4.63,-0.33,2.38,123.38,1.07,157.65,15.39,3.21,-0.84,163.95,139.00,832.19,80.70,10117.16,255.31,3.90,100.86,76.80
2024-05-31,2352.1,2.16,4.51,-0.38,2.35,122.48,1.08,157.19,12.92,3.20,-0.85,130.52,124.00,832.21,77.97,9648.17,255.91,4.10,100.89,76.76
2024-06-30,2326.3,2.16,4.48,-0.29,2.32,124.77,1.07,161.55,12.22,3.21,-0.84,113.09,144.00,829.05,84.70,9385.31,257.32,4.20,99.98,75.99
2024-07-31,2395.3,1.79,3.99,-0.17,2.20,124.16,1.08,150.06,18.59,3.35,-0.62,92.39,145.00,846.05,77.74,8981.12,255.46,4.20,100.43,76.27
2024-08-31,2468,1.76,3.91,0.00,2.15,122.56,1.11,145.95,15.00,3.17,-0.65,140.98,138.00,862.74,74.52,9259.13,252.68,4.10,99.81,75.72
2024-09-30,2567.1,1.55,3.74,0.13,2.19,121.92,1.11,143.66,19.26,3.07,-0.27,130.36,127.00,871.94,70.41,9533.99,253.08,4.10,99.47,75.39
2024-10-31,2690.1,2.04,4.37,0.16,2.33,125.04,1.08,152.94,21.88,2.83,-0.30,130.69,109.00,891.79,69.81,9075.73,253.21,4.20,99.29,75.17
2024-11-30,2650.7,1.92,4.18,0.05,2.26,126.81,1.05,150.41,13.51,2.74,-0.62,128.90,225.00,878.55,68.26,8909.91,253.42,4.10,100.33,75.87
2024-12-31,2644.1,2.24,4.58,0.33,2.34,129.49,1.04,157.37,17.35,2.92,-0.62,142.37,219.00,872.52,72.44,8976.68,257.36,4.00,100.06,75.58
2025-01-31,2709.7,2.16,4.58,0.36,2.42,128.67,1.04,154.91,16.43,2.68,-0.76,112.33,237.00,864.77,72.84,9330.98,259.50,4.20,101.10,76.27
2025-02-28,2894.7,1.86,4.24,0.25,2.38,128.46,1.04,150.64,19.63,2.87,-0.46,136.43,329.00,904.38,69.97,9735.82,258.52,4.20,101.04,76.13
2025-03-31,2983.3,1.84,4.17,0.30,2.33,126.68,1.08,149.40,21.77,3.50,-0.62,175.44,446.00,933.38,71.61,9172.70,258.39,4.20,101.13,76.10
2025-04-30,3207.5,2.00,4.25,0.55,2.25,123.48,1.13,145.48,24.60,3.78,-0.27,139.72,725.00,944.26,60.59,9531.20,258.68,4.30,100.97,75.89
2025-05-31,3278,2.07,4.41,0.52,2.34,122.11,1.13,144.18,18.57,3.32,-0.54,165.81,564.00,930.20,61.46,9835.07,260.48,4.10,101.48,76.18
2025-06-30,3352,1.97,4.26,0.48,2.29,119.77,1.18,143.58,16.83,2.91,-0.71,222.20,376.00,952.53,66.64,-,262.36,4.30,101.87,76.38
2025-07-31,3338.3,1.90,4.23,0.54,2.33,121.61,1.16,148.06,20.38,3.13,-0.68,135.00,372.00,954.51,68.39,-,262.10,4.30,101.60,76.09
2025-08-31,3363,1.82,4.23,0.64,2.41,120.60,1.17,146.90,16.12,2.84,-0.61,136.76,371.00,977.68,64.36,-,262.34,4.40,101.67,76.05
2025-09-30,3665.2,1.77,4.12,0.57,2.35,120.58,1.17,147.16,16.29,2.81,-0.54,124.11,320.00,1012.88,62.59,-,-,-,101.62,75.92
2025-10-31,4053.3,1.81,4.11,0.51,2.30,121.77,1.15,154.05,17.44,2.94,-0.46,154.43,308.00,1039.20,61.75,-,-,4.50,101.79,75.96
2025-11-30,4083,1.85,4.09,0.55,2.24,121.36,1.16,155.28,17.24,2.94,-0.40,105.25,312.00,1045.43,59.47,-,-,4.40,-,-
2025-12-31,4289.5,1.93,4.18,0.71,2.25,120.12,1.17,156.80,14.95,2.81,-0.58,127.32,281.00,1070.56,57.26,-,-,-,-,-